Time,V1,V2,V3,V4,V5,V6,V7,V8,V9,V10,V11,V12,V13,V14,V15,V16,V17,V18,V19,V20,V21,V22,V23,V24,V25,V26,V27,V28,Amount,Class,prediction
120374.0,-0.151893131672895,-4.24361769781762,-3.8354519104503,0.367865868302724,-0.669009619337988,-0.567414643064004,2.10269678284885,-0.805636463272875,-1.69785766039662,0.602037198685429,0.90147512178098,0.934428605830547,0.957538987831933,0.997756875556371,-0.934010834595429,-2.01096685960109,-0.0238255083312932,1.1818884364391,-0.844363910927124,1.93545135371848,0.700337405100241,-0.146102900704771,-1.14580344732806,0.862268223229305,0.0513481744090403,0.836171558603871,-0.353406106354056,0.119492146109691,1233.2,0.0,0
143482.0,2.02328109369057,-0.421751250284751,-0.514836229831669,0.369843310467203,-0.48701117203163,-0.225310749834537,-0.609479755269732,-0.0232330409250416,1.51053192315049,-0.165621066854208,-1.59830708514377,0.280226257458704,0.277313351019938,-0.247611632396822,0.519706370319998,0.272084635989143,-0.750662359190946,0.415897236354134,0.0260840408335048,-0.196718757580372,0.149102467075708,0.695032010953623,0.0332742734832384,-0.628236398787133,-0.0034887961678601,-0.172502997724074,0.0411241801627947,-0.043157123542455,9.99,0.0,0
61739.0,1.2296498556981,0.142890874974663,-0.045489052545127,1.06010086928045,0.281451584583295,0.345572423584659,0.0278876207435958,0.0677156619333516,0.118909115884566,0.0867211037659708,-0.109181584903639,0.730398290240163,-0.0229254579913004,0.172613086058074,-0.956154946336946,0.109111518317207,-0.687957464796618,0.353090576166443,0.717710416842173,-0.0931339642284124,-0.149394810476104,-0.280930478754704,-0.255926195656884,-0.817483024467486,0.85734813628132,-0.288400660747677,0.0161080209118353,-0.0010554182711872,17.5,0.0,0
140418.0,-1.0834168844635,-0.330668310674068,1.05556119570124,-2.58598621705183,0.184243575508982,-0.569670760094183,0.572900609226977,0.0576525130654565,0.646573230540335,-1.29544288460799,0.270971595104488,0.381130823460797,-0.593367306085314,0.0815811176706284,-0.505426720132065,1.09238648065688,-1.42805342549437,0.449419992710393,-0.52957704730747,-0.181629939371995,-0.0596591013474021,-0.36349778209257,0.0650888207901458,-0.504748511556098,-0.556628289440175,0.113003497621053,-0.0624634671510124,0.196817820828405,112.71,0.0,0
60837.0,-1.43463054458745,0.803519669927727,1.46672584542334,0.402909516268836,0.243003151689438,-0.284910158617173,0.480491269194376,0.541449743535233,-0.488918414807595,-1.13797492809289,-0.980837932125637,0.134390165262544,-0.633965238572654,0.343119889633162,-0.650752651268815,-0.424931137772546,0.246215028694951,-0.771447257459078,-0.873100632039746,-0.158447428830875,0.0318172923556541,-0.0936924253129706,-0.245559794991986,0.0705602330022432,0.691214290589606,-0.397591555232054,-0.0758120099567413,-0.0576516530285394,37.2,0.0,0
54911.0,0.613151944439878,-0.902418448175081,-0.31073626995184,0.738160157031071,-0.463876906307827,-0.321692589886894,0.409669648940799,0.0080696254653012,-0.108260513636828,0.023156240463323,1.27863089649324,-0.051349780850689,-1.95835196485593,1.09495166688311,0.59386956771483,0.0356262852430585,-0.140498929361486,-0.139212348466375,-0.263348740715414,0.357968825030085,0.181900199367194,-0.223690272570394,-0.285613221301494,0.0159736011929691,0.290204244886236,0.354350559101725,-0.108860248795474,0.0406819755495904,306.13,0.0,0
11629.0,-3.89119195123086,7.09891625215749,-11.4264670967961,8.60755678650129,-2.06570621026229,-2.98528802203595,-8.13858941693861,2.97392807853452,-6.27279046836547,-13.1934150665232,11.6197234753825,-17.6316063138707,-0.355194389515515,-18.8220867423816,-1.2831290856146,-10.0310966568698,-15.2270075099256,-5.32200898058982,-0.501750653452579,1.38261899967275,1.75708522742867,-0.18970915318715,-0.508629244173448,-1.18930816877394,1.18853649934791,0.605241885913626,1.8815287524148,0.875260407222375,1.0,1.0,1
39986.0,0.770451598380379,-0.774659403684811,1.15313568047675,0.944625619304437,-1.29969765128587,-0.0323067869937031,-0.46574408067572,0.146501511403888,0.605045820585288,-0.162690031314542,1.18660035505299,1.31291804023858,0.158806432353995,-0.19679647600274,-0.515560278853296,0.313796567394522,-0.356503648648141,0.204857995970451,0.111958711621892,0.289219322528555,0.0867252797610442,0.0008858375984052,-0.119995880038548,0.586376966150025,0.136379876006306,0.266688235690916,-0.0198397477500856,0.0514122038310713,192.0,0.0,0
149582.0,-4.28058383167792,1.42110000741665,-3.90822884348162,2.94294608011161,-0.0762053360306411,-2.00252600045019,-2.87415473251562,-0.856005441485914,0.963674230223562,-3.23543895742654,3.34180192747217,-7.56286042898412,-1.8474434271558,-11.5714234295766,-1.4815558418284,-6.18091869945618,-9.28518598266033,-3.92172214129965,0.685510860299876,-0.198962780003302,-0.140061995134615,-0.90772022005271,-0.680107948583095,-0.349169892929711,0.0562758915123628,-1.14992266869478,-1.80988612030864,0.723051433275673,1.1,1.0,1
28582.0,1.4811414082365,-0.302183264924105,-0.40312453057473,-0.77122040685621,-0.394536394552835,-1.12201515881403,-0.0348073366271545,-0.38091024979324,-1.12032187541308,0.686337345785427,-0.671911269042435,-0.773939594061159,0.218402773534292,0.0829907116068213,0.457508692745246,0.871171069032801,0.226313528274263,-1.4404289957503,0.82236947641276,0.0842691803825348,0.158612639290325,0.393541754512195,-0.227485859087342,-0.0716104434660023,0.859227185434481,-0.0540377476050687,-0.0296318640679646,-0.0028967732362756,15.0,0.0,0
47496.0,1.15762559799633,-0.353444136383635,0.833717895615002,0.456095056957439,-1.24315831487012,-0.936294251602,-0.375859208630758,0.0320997174270594,1.07200536391363,-0.285967582761201,-0.692984466971484,-0.647770680909127,-2.4720990164584,0.314188131408139,0.260469231390367,-0.0755648435867659,0.290129016110233,-0.641863449871498,0.306579356026368,-0.199050382037125,-0.376537941616847,-1.11558419616299,0.208355935795281,0.674182988178709,-0.0170505291091076,0.512974035353192,-0.0618377493979916,0.0174091096603272,34.8,0.0,0
147617.0,-0.542167722674086,1.42955739024832,-1.49792006894717,0.0104948958100131,-0.579086201325865,-1.12336234637948,0.92110459466163,0.38833294611514,-0.403479165534364,-1.44558956699969,-0.761387181081225,-0.0028435973077586,0.106615926110932,-0.331584496754721,0.638770207671196,0.36535535797137,0.82445729140022,0.823011660998307,-0.228197350789854,-0.330246568694722,0.390165765281867,0.983348558136588,0.0261343214354981,-0.0252307441455874,-0.307521573976194,-0.163744992286646,-0.202110660272498,-0.0595435144918213,154.91,0.0,0
75539.0,-1.60409558337055,1.50784567068271,1.39648638327296,-1.97774463450072,0.255472603933425,-0.563258959420914,1.32016308330718,-0.850133175341453,2.19001014992463,2.95265669941458,1.43916860580282,-0.299709184931525,-1.03413894138938,-1.36394238060639,0.208061371311507,0.37151517422795,-1.62912644846704,0.0714767128188978,-0.533230189242107,1.27697291447275,-0.608595268907554,-0.259630076026121,-0.206693907784704,-0.0089887626749625,-0.0731075060349125,0.56327483609205,-0.3711493999655,-1.15114986343405,1.46,0.0,0
49253.0,1.22449651504227,0.277146457163784,-0.0381029881911266,0.963672921927017,0.402548006467858,0.197887122973417,0.114846444150621,-0.0491754313295334,-0.0785900452473521,-0.010911940076317,-0.953558649552417,0.37206518656242,1.04539934422231,0.131737899895052,1.17227796265433,0.113616871552046,-0.608172435669528,-0.28977663499764,-0.465735482176878,-0.0465309302119074,0.0532790847638035,0.240795120536438,-0.231279515118254,-0.893659254880023,0.756797802078171,-0.19384131050302,0.0352118917072349,0.0137291045718419,23.88,0.0,0
87095.0,-1.55112805479246,-1.99346109802396,-0.219265310844321,-0.252671079237421,3.14838433684307,-3.04754751982458,-0.668882890345509,-0.116898232788283,0.355012260632385,-0.446191442901058,-1.06557104162377,0.333301737894071,0.144028133144973,0.467913362136993,-0.108998296141607,-0.113804914396424,-0.838310896955557,0.0577678287893732,-1.1325537616451,0.345813565969618,0.702289124372783,1.39567892976194,0.502069996113505,0.0099324756403346,-1.21443659069485,-0.500883633814667,0.226712238022745,0.371813145396031,1.0,0.0,0
52405.0,-3.06178553238804,-3.08217470371169,1.09156735253578,0.084636749575523,-3.57771628327974,2.41820755436584,3.58621705812456,-0.475772150697712,-1.09767869189824,-0.350286377562962,0.923047734164394,-0.0913460698604835,-0.0912215419814251,-0.5297680408189,-0.210428402670413,-0.833051245405352,-0.591622761536404,1.90715422805574,-1.82416843335911,-0.0755578526655951,-0.160543561633521,0.179371633376489,0.940669065146161,-0.0112303729623445,0.565037050345039,-0.341467990061226,0.142613828756025,-0.124035451410761,1129.35,0.0,0
63431.0,-0.628961117509104,0.980509509925003,1.77432506006071,0.565997860702742,-0.292520664578686,-0.437052686783999,2.00506849937982,-1.07123577155794,0.0632600254557649,0.601544351059048,0.0331308637422679,-0.388457423303458,-0.183270240868476,-0.542056940029936,0.855463284658538,-0.274946482206101,-0.698779483232429,-0.114670555907432,-0.409668920869309,-0.096542725608038,0.0182806495731352,0.587434413707192,-0.329644053859021,0.7216195608867,0.0456858734637873,-0.471619370492005,-0.856112851930283,-0.638087642534177,144.0,0.0,0
129222.0,1.17782379154942,2.48710339519253,-5.33060816051087,5.32454683526606,1.15024325844862,-1.28184253527583,-1.17199420002259,0.413778202141836,-2.6598401542684,-2.9716952359177,3.6195974073081,-4.47804406487578,-2.03418448611283,-7.77219735461502,-1.20149274946259,-0.509866916309607,-1.30436979397668,0.495999534593581,-1.35984389291856,0.156057238983783,0.262325116604754,-0.431790202566124,-0.092088065214941,0.145215897986796,0.457788410050576,0.167739067416406,0.451242541470912,0.268421209703893,4.87,1.0,1
144827.0,0.255414825195724,-1.6859521963641,-0.0621931819950763,-2.76474755073644,1.12608020680321,4.24603133660588,-1.44364755915246,0.934123937495456,-1.35893497473438,1.35906513329674,-0.448246519824126,-1.10528857730897,0.461789875561714,-0.912132871307383,0.593554975573978,-0.71052794723639,0.390456487262013,0.466999096401674,0.447646839985453,0.13747480627499,0.0594491241260597,0.598766122526222,0.535741111334683,0.673260151877359,-1.7840735289611,-0.303459436319903,0.200741751197934,0.0880510137360301,95.0,0.0,0
64805.0,-1.40004136639609,1.32001662295875,0.871909426593028,0.216093417224483,-0.372948638125852,-0.0692915469037763,0.0636900857690505,0.907236662953186,-0.668514695690059,-0.993091987284261,0.295452802653934,1.58809102580661,0.791258112019652,0.413278158747282,-1.60945898317602,0.334551516524707,-0.391325687008814,0.136957875186635,0.0192135885648573,-0.3412805961847,-0.0211923072875857,-0.2237692239352,0.036877102036533,0.0057292235724972,-0.114582686670923,-0.739551762909156,-0.197213458249326,-0.0407394557075098,29.99,0.0,0
71899.0,1.18894776822739,-0.229678826133283,1.2257524136379,0.871529634368509,-1.18963780524419,-0.332263429428308,-0.70892025550305,0.139973992300398,1.10601676515056,-0.204257112316266,-0.929052770394432,-0.173262046021444,-1.11071249073403,-0.1782860609209,0.325948702346228,0.216352500350234,-0.108427097956165,-0.0951655228008536,-0.0313963913872502,-0.183228513938125,-0.107650651745756,-0.162457379721792,0.0493324473567151,0.402266360718012,0.216973752419492,0.320705621881687,0.0101546231124141,0.0241085267904468,4.61,0.0,0
56807.0,0.948156071400324,-1.52006453052102,1.17103139521292,-0.22511869176547,-1.75768586105907,0.581903004929799,-1.27687949935459,0.366094656268753,0.19052430845602,0.398773465531944,0.959954474310407,0.387501892364116,-0.642011410929601,-0.772819475122424,-1.61274249702466,0.37203374681806,1.0070500124252,-1.33702133381749,0.7699672540962,0.273934625694586,0.362448238126256,0.995485194021194,-0.230672170919625,0.307321450407884,0.412835660675093,-0.0039435305733436,0.0455359006033206,0.0335761386561167,154.8,0.0,0
499.0,1.25543928787263,0.307728903801174,0.292700171373052,0.69987312813193,-0.428875629233923,-1.08845611931118,0.0438399019207915,-0.167738709317001,0.128854075434184,-0.264061677458776,-0.174507538822232,-0.103536650210894,-0.410712664857157,-0.160752586297616,1.16380769874979,0.508362126204611,0.0311825158764792,-0.221104856309154,-0.19424123794805,-0.121156186495369,-0.294795248970854,-0.882126483100386,0.136845910675095,0.327949456777065,0.194459479633999,0.0965155992345212,-0.0272711057993351,0.029491254668226,1.98,0.0,0
43256.0,-0.420561671801194,0.461397904389239,1.46923556328581,0.601146632545204,0.650644633011206,-0.450591247867239,0.64884089227146,-0.204228257268001,-0.330615963627374,-0.107257457605286,-0.424335179505933,-0.35450345180918,-0.690070932939368,0.115979605620061,0.741158043434394,-1.17890105763835,0.582967946286298,-0.730748790250718,0.924615271953347,0.148403366618167,0.0262799114051652,0.331460615969085,-0.221338110632,0.142037277429406,-0.0968203310751625,0.658596612733979,-0.0880598854287726,-0.112391432151776,0.0,0.0,0
116067.0,0.949240654782111,1.33351901279168,-4.85540201400676,1.83500588341825,-1.05324529225553,-2.56282606985029,-2.2869856262026,0.260906489976679,-0.895365545923127,-4.54261203828437,2.45371037821171,-4.92519869522976,-1.20041197086128,-6.42437211273331,1.01489749133407,-3.12942132163446,-5.14703878335167,-1.81543652928925,0.520496923051347,0.424608328846183,0.306598169644708,-0.854626651528392,0.101176995923819,-0.281497410249515,0.0244439388949186,-0.107944111820021,0.625288550407281,0.315677390712111,65.0,1.0,1
120239.0,2.06324271174912,0.0314841613106575,-1.7287956235224,0.431657326499138,0.289142380286737,-0.848849890858594,0.0603754345894105,-0.119178121659764,0.738869717100544,-0.33859499999336,-0.77553020236738,-0.696787550763657,-1.58181192614975,-0.511319507673121,0.430593001497888,0.327770900376822,0.632072484855387,-0.203363772147223,-0.0168738002453162,-0.26791030050619,-0.376008521983354,-1.05083681571449,0.369100555544232,0.463702681081975,-0.331760869755797,0.180801271996875,-0.0702042253672705,-0.0342865398940555,1.78,0.0,0
36752.0,0.0704357834891921,-2.7001526189987,0.603424712717237,-0.0459995271007686,-1.42619138091225,1.7340176439373,-0.660593784745363,0.440373874602355,-0.0961412584891012,-0.0906064712045357,0.592057297617945,0.708288730921604,0.846158701234361,-0.816436059967312,0.363940510004609,-0.588785256073257,1.98276270029086,-3.58275735166819,-0.940511023439037,1.0736039439453,0.485753582280954,0.517132786552486,-0.319521290120908,-0.543104261796065,-0.148438266316345,-0.19765060172225,0.0274208767240638,0.111373799844385,559.44,0.0,0
156443.0,0.554641246230936,-3.61751392550909,-1.63961036933251,-0.493323496854475,-1.03491400903474,1.53682783217426,-0.237622369897384,0.310241089918795,-0.0282331051271179,0.352750982059815,0.770396213186531,0.0534220760995569,-0.645911537038355,0.0643020253661006,-0.168724729947004,0.563736364123144,0.799001668601095,-2.24388167788187,0.134637461632587,1.38377391642729,0.331574774892449,-0.665437152960433,-0.24267608268251,-1.65096820775033,-0.949676438369137,-0.53918952762978,-0.0955732906681573,0.0607576204823299,774.01,0.0,0
70131.0,1.11923048028703,0.346015445585136,0.0529292974188273,1.19950459897147,0.12236389820254,-0.610260587129079,0.494719777494427,-0.180807871125303,-0.348238801174025,-0.017505854168369,-0.02991767883655,0.508484661801032,0.229278803695699,0.525428568534441,0.924236739110779,-0.31951539831184,-0.0844399824157809,-1.15862934720403,-0.523566970417661,-0.0723382425978399,-0.294821055893224,-0.930083695635107,0.0980045873557845,0.0372746957955236,0.381656593258378,-0.65317716956871,0.0079502228842022,0.0269638688363769,50.4,0.0,0
77685.0,1.2797147867517,0.604786072672242,-0.0850763664333202,1.09219153391152,0.163747891873968,-1.15836144103452,0.645689088727421,-0.434413662854581,-0.489490738110652,0.0048841393162561,-0.128308406932111,0.95606511806254,1.39131500293077,0.285961152765639,0.529281138124202,-0.281102426973656,-0.394050435078314,-0.539966945790477,-0.260349301913958,-0.0671344794693595,0.0182292586953271,0.180273553793053,-0.161986163535815,0.439099395317526,0.900765341553098,-0.300715186424757,0.0013119248567908,0.013779265138517,0.89,0.0,0
145145.0,-1.19943331412046,0.205020697082531,-0.727913872280229,-0.484951592400784,0.16599196791727,-0.606546635916864,1.03124154331992,0.41028671797875,-0.13285674960912,-1.65296582209743,0.634030122608525,0.718018586501845,-0.0851312994789748,-1.09526247920692,-1.2092509485677,0.465998644906755,0.770311008574479,0.84777564778107,0.233134139430171,0.525869291195921,-0.0300597548443349,-0.489451254093241,0.29776687283959,-0.480307191272425,0.382098850150469,-0.0732812835463474,0.0395307925069678,-0.0663744423315286,219.08,0.0,0
72725.0,-3.04816363487578,2.15298007325126,1.13864272326291,0.597741907019196,-1.2642513280318,-0.36924438088759,0.0146355168880773,-0.243249308962398,1.19386075609023,1.3211889291357,-0.258187041003073,1.12594205970954,1.23145870699881,-1.00528839015778,-0.209147909274847,-0.481398661716757,-0.0283852365200921,-0.291646242370748,-0.267296276695705,-0.429356517895758,0.457391470387824,0.840558400033293,-0.0085594026267829,0.976542051315257,0.099130438769451,-0.502184516234027,-2.30354699942315,0.249920989317731,30.13,0.0,0
26556.0,-19.1798264145873,11.8179219897853,-21.9191735807843,6.0862356342864,-14.7088447898427,-4.30888760741835,-15.3579518065836,12.8571650181242,-3.99986076978115,-8.9286556608751,5.8492930661792,-8.26164983722413,0.153829148314596,-8.82935922766409,0.0088788388257268,-7.0709530089254,-13.6297209427085,-4.9588298158479,1.27209136353211,1.572949614923,1.74680154191934,-1.35314876613352,-0.762965072731218,0.117027851903743,1.29799375563032,-0.224825057048525,1.62105238966989,0.4846144027264,99.99,1.0,1
75719.0,1.47920375444435,-0.316977047543545,0.265433083295384,-0.882967362235472,-0.565898962409041,-0.537734758687873,-0.464494273924813,-0.231379494972843,-0.957712443351356,0.567920601404838,-0.658303446141716,0.027878093339008,1.91552329092888,-0.52077068138081,0.700579737818339,1.4047815210695,-0.177549163114332,-1.50366054764536,0.915443543732866,0.183591650851526,-0.136071459271846,-0.416814529620563,0.0180020683424745,-0.438582015149903,0.397565965990992,-0.433654054956717,0.020710619295323,0.0164134950226815,2.39,0.0,0
77139.0,-1.36404619957905,1.82640444650897,1.00226945178457,-0.0430532082991202,-0.21945536286568,-0.248327036176343,-0.238333324354136,-2.25022293383347,0.0701749144266064,-0.0174643824732851,0.184981462750281,-0.0419845832468563,-0.686903655952332,-0.238887029599246,1.15631394300152,0.0203205327632366,0.62550075492636,-0.58649788207956,-0.646314957708964,-0.327774798797872,2.04088237663097,-1.37262437013318,0.420981288753229,0.282601350611311,-0.189842124070821,0.106741848297435,0.46491305427339,0.181649226515465,1.98,0.0,0
57025.0,0.619296147876141,-0.740633445490889,0.0287637969522884,1.24045014552689,-0.574554758032812,-0.240237504821808,0.262601274099232,0.0852596771307848,-0.0169720508898218,0.0733865888206596,1.36372551620203,-0.0470566190828545,-2.13933414616993,1.09461095385191,0.71461508521401,0.0251018025717638,-0.199539587815826,0.134604470475094,-0.58894655985011,0.249205600578773,0.260762147121297,0.0806240160489458,-0.270879685401213,0.194476585191401,0.388919412638809,-0.350804853515465,-0.0378622074466279,0.0515963744229708,275.16,0.0,0
41991.0,-4.56634156694274,3.35345148012501,-4.57202780762531,3.61611930403552,-2.49313810882875,-1.0899997127127,-5.55143306976649,0.44778308394893,-2.42441402571208,-5.69992228265959,3.58682418337431,-6.63622904939297,-1.1281764439465,-7.24554959537009,0.638325536245456,-6.85681003898144,-8.85187850534679,-4.5918832274368,0.936939858866071,-0.249127726683026,2.67446587862872,-0.0208799797343963,-0.302447083877198,-0.0863964000107124,-0.516059779833395,-0.295102234035121,0.195985145691014,0.141115102721758,1.0,1.0,1
76377.0,1.07711346663888,0.0027617711577652,0.92966631469675,0.912974873036313,-0.373063852691267,0.612076352393711,-0.60056791420126,0.42721455771147,0.205401132268637,0.063397948317916,1.63000928460827,0.666307306993452,-0.829345026989991,0.528411082922076,1.18917480773336,0.134468869457333,-0.254442633340193,-0.263779830695162,-0.92254166553739,-0.242658218728872,0.0369287330470248,0.129620772057623,0.120474485423388,-0.342364651215817,0.116032006041198,-0.466426665964415,0.0741576359597746,0.0175129968567698,0.0,0.0,0
44660.0,1.21699352774329,-0.0804346413438548,-0.0558103466072002,-0.866513736303614,-0.241992360482012,-0.708585024094325,0.144855123410911,-0.113245138924638,0.790931329600312,-0.895325001594111,1.83887577956939,1.9790424200238,0.45502278108481,0.400769287427487,0.134626598539489,-1.31419200197507,0.208759126910008,-0.411009222509625,0.675465681422742,-0.126831519564052,0.0817641062820042,0.535971586838886,-0.160179080280223,0.28409783756949,0.855307328527266,-0.552496312870702,0.0543695412798932,0.0012912516756811,1.0,0.0,0
48121.0,0.340336656339378,-1.56771727275715,-0.291374772269789,0.284175382850679,-0.915149348649445,-0.53803337021766,0.520470846040784,-0.212983049051141,0.257281751078506,-0.430098800676173,-0.107573480875815,0.0378638488686514,-0.300996218306879,0.465100990037983,1.45376701701674,-0.0178682714803876,0.0331033750715301,-0.687338559445843,-0.484578588115449,0.838540063637452,0.326074097617213,-0.0849902250554035,-0.430911224719499,0.182439766795141,0.115537008531472,1.08268652524791,-0.163115086882783,0.0785438241594932,479.01,0.0,0
79540.0,-0.114360703589856,1.03612940153875,1.98440526119199,3.12824327369048,-0.740343559582751,1.54861869623,-1.70128395465886,-2.20384174839674,-1.24226477538834,0.269561809170344,1.29341829662131,0.933215784460268,-0.135325960632637,0.521483689902165,0.386884188055331,0.0598689535627266,0.306339379229928,0.265051988857439,0.223718288348024,0.732852498432027,-1.03293465200213,1.19642831010463,-0.112856718234204,0.254718993156121,0.69666788609654,0.482370416673402,0.129969314476127,0.223924333790406,0.2,1.0,0
20451.0,-15.8191787207718,8.7759971528627,-22.8046864614815,11.8648680803607,-9.09236053189517,-2.38689320657655,-16.5603681078199,0.948348594786058,-6.31065843275059,-13.0888909176936,9.81570317447819,-14.0560611837648,0.777191846436601,-13.7610179615936,-0.353635939812489,-7.95744722625995,-11.9629542349435,-4.7805077876172,0.652498045264831,0.992278949261366,-2.35063374523783,1.03636187430048,1.13605073696052,-1.0434137405139,-0.10892334328198,0.657436778462222,2.13642447085514,-1.41194537483904,1.0,1.0,1
141111.0,2.2843740007887,-1.38959805303958,-1.03296603014895,-1.65713908973551,-1.16469956955406,-0.566914496549938,-1.11737488920668,-0.121307457371823,-1.40931396557321,1.76311150018887,0.28493086317389,-0.425670301906102,-0.0108405701206839,-0.136811952361252,-0.853335172271075,-0.304791788623799,0.15662147828198,0.513158232420136,0.305816569921123,-0.449108503478865,-0.14712470088998,0.0555861320859453,0.173777638473916,-0.433915897964792,-0.159373091846718,-0.154856279415416,0.0020741414226947,-0.0662764500607692,15.0,0.0,0
1040.0,-0.926909694132981,-0.150451618051654,0.442718983401,-2.72315498720232,0.517450297614163,-0.315919942121949,1.28516525719466,-0.022306851515411,0.18570984535033,-1.7069438747608,0.845414767860138,0.758143015317553,-0.125153760475857,0.559587938744069,0.47025235066795,-0.421684423221729,-0.556572596818333,0.159613893475021,0.49436476726199,0.298773208169176,0.181237598719268,0.225204812713119,-0.0005814470702209,-0.785772914245503,0.418998445555555,-0.078699449435755,-0.0059090782277595,0.0828195500308637,160.0,0.0,0
31956.0,-1.16408188968809,1.22746836092888,0.683258682332021,0.0736605250138214,0.122316306528645,-1.09324326717809,0.858501826652823,-0.006932233903076,-0.155861930010186,0.0178201414159607,-0.517218781889308,0.481564492727795,0.763813593383823,0.0299724774595933,0.166574907458908,0.232427966805339,-0.732336313556349,-0.193524978116526,-1.06862712673792,0.0244710644638674,0.0463072075302376,0.39054011012614,-0.0598859645627107,0.393708852873225,0.152114208095657,-0.564276615718111,0.0185179551068532,-0.091742324984518,32.7,0.0,0
2925.0,-0.377602637548955,0.659191152704056,0.985116266087135,-2.22903106137123,0.399711631066531,-0.987303397899914,1.06971983276778,-0.279638742919076,0.583657609049203,-0.982917923007694,1.07451513692889,0.849054067998381,-0.156674671456942,0.239181695986785,0.197998480948673,-0.291554774021784,-0.94709015093233,0.635760992562868,0.313110927458652,0.0575021161055685,0.091241676745393,0.612931787978486,-0.350671754569341,0.0057344192030146,0.0904108520662168,-0.836537252572164,0.23517793008927,-0.0270512461956669,1.0,0.0,0
84970.0,-0.643289284749257,1.11197042630206,1.03089543732612,-0.22185017881549,0.338434077976539,-0.0611970521099958,0.423455579213731,0.297952060331127,-0.303463956018337,-0.0456505989193732,1.28203800510592,0.113301754980717,-0.841267995948166,-0.112464044884122,0.585668659225478,0.403458308720297,-0.0394201956470145,0.109255155221752,-0.0585627942915281,0.165704697942388,-0.248638301044455,-0.62075871433802,-0.0254442032062701,-0.387425250885124,-0.200938294927993,0.112413221857804,0.361636165500568,0.13864842396285,0.89,0.0,0
126757.0,0.813025054662629,-2.93749429007888,-1.41545194804861,0.109635837865183,-1.28278028749659,0.145416376205896,0.199639266825263,-0.278291452778977,-0.232879822283598,0.375770695077658,-1.19460698524013,0.851743270308036,1.84304579745204,-0.429855349771266,-0.31751564376934,-1.29126672505112,-0.176398616255964,0.603322188103174,-0.606298220358736,0.918542889745608,-0.385051741740259,-2.01221459801672,-0.0633617931010397,0.481429631932687,-0.886989375743467,0.0512444012571813,-0.143883058411048,0.085290173093326,698.71,0.0,0
66187.0,1.2133492936984,0.227172159227786,-0.886860018250252,1.34568298006722,2.25459242728698,3.78856523350916,-0.521816151425213,0.891366130259316,-0.776104235888857,0.748677585615296,-0.379536725569019,-0.299635852668114,0.0399576071029998,0.346678605644336,0.711023896084855,1.01617436578895,-1.14675319882133,0.389481262930823,-0.754950200812039,0.0073568803884605,0.102366239256514,0.116552838115442,-0.166854021889358,1.01598398946851,0.755461719365951,0.169924899116259,-0.0056328603393584,0.0174000480976224,19.34,0.0,0
87653.0,-2.40186278786763,2.91862398375531,-0.854871727879833,0.498796152927336,0.626599144787826,1.15122689133239,-1.00890424872249,-7.35995883402353,0.0930732216670222,1.15979712921669,0.156426986125053,0.36230716096679,-1.61495901405094,0.883114656736257,-0.9881616329279,-0.911635938007627,0.347900935702987,0.458777200441148,1.04093570745389,-1.43543788056344,6.96124715278223,-1.69253746152339,0.653815364275784,-0.537194991871622,0.137020792737474,-0.352518047401728,0.451291973870563,0.0758738473455646,15.99,0.0,0
80459.0,-0.580345655994678,1.67859922680062,-0.763163126186214,1.48634865242106,1.837536572353,-0.993462012563712,1.03016399563581,-0.140629423532636,-0.970217779650467,-1.6198289304549,0.439337504809668,-1.12752563083919,-0.460245010238681,-3.34807072362352,1.72919018285184,0.404875014797023,3.18971459339441,1.39735956292109,0.130269038042359,0.12092552046671,-0.0807025867715866,-0.179216843404104,-0.259822185651258,-0.754910378413218,0.0294041132720788,-0.172201787911092,0.0474630771144148,0.259948915797802,2.23,0.0,0
82677.0,0.895192921662186,-0.97173631400294,0.777922201455221,0.555204013588166,-1.08545522885068,0.463944973712582,-0.639615660700951,0.153482787864185,-0.861482114347028,0.71911095269369,1.14850842824638,1.27803560719083,1.10271899403003,-0.181754646221305,-0.217126715837759,-1.56741100214017,-0.0817279371343045,1.38996036418553,-1.24084619651229,-0.174488441063044,-0.05426853889438,0.15963812998534,-0.190498391153672,0.0302889366084736,0.392821419220178,-0.230197261203935,0.0658335360720049,0.0509055650228973,172.0,0.0,0
87087.0,-1.71408788799883,0.755464169859751,0.191769072290133,-2.82238524463708,2.30052876646883,-0.664159890703382,2.52065964606908,-1.38966059953411,1.01633456427389,1.27817216543802,0.909779149752449,0.127422389792894,-0.198389542045462,-0.86681616405493,-0.983792073475182,-0.882665297397203,-1.22656273522849,-0.24966769683218,0.529439368984551,0.486181394867548,-0.346515980145299,0.402106896195834,-0.696866333939606,0.299653430990045,1.42660555996878,0.766353277918553,-0.746680864152888,-0.743112453270142,8.0,0.0,0
147934.0,1.98682130115736,-0.285459384247022,-0.949521224235182,0.173062372032221,0.0237150067130756,-0.0169371586803843,-0.283264682099065,0.110720230692562,0.904742501858382,0.003746374725107,0.431737928524233,0.772779098520905,-0.724078553108386,0.435533898221878,-0.368294212976354,0.232774707444786,-0.705440644541065,0.0129323308488539,0.69565242917752,-0.223517907645076,-0.452114881376029,-1.28578432864719,0.458849519913917,0.253347161167623,-0.444481589526314,-0.871191090647395,-0.001642680484422,-0.0434912479696235,12.99,0.0,0
111102.0,2.10287504258106,-0.0493571846496671,-1.46160244296898,0.338937761135196,0.252151599507288,-0.758076302956584,-0.0527034574541973,-0.257321660690158,2.32229600958473,-0.41764908097559,-0.346008683492686,-3.24217676032069,-0.0120775044764532,2.24253672300369,0.376325267156145,-0.129895891554032,0.180291948449576,0.693016431940903,-0.269332273661536,-0.373524541794174,0.0752670707425949,0.528185481379963,0.011761092726309,0.38794260981663,0.307283339230198,-0.469488552851972,-0.0349905058130435,-0.0599350531665904,1.0,0.0,0
2398.0,-0.58645176703125,0.261360970518021,1.24994370529781,-0.552966722394512,-1.34249649678467,0.21913808546884,1.03274160360237,-0.563129012744755,-0.87461556441948,0.828188571251927,-0.0202979676175754,-0.630264457444418,0.0715998003410947,-0.793559309627043,0.0405230809212237,-0.449948897219137,1.30308143976085,-2.08625275621852,1.5921342066529,-0.0297562497302317,0.144612477779016,0.856494541915029,-0.136128927246152,0.471851746943814,-0.348440716891963,-0.14274467644415,-0.376475232943261,-0.14257583845589,185.0,0.0,0
63386.0,-0.779682711498656,0.425930917886485,1.98236380730815,0.208285830698622,-0.271924363635745,-0.43557728975006,0.179717332000587,-0.0041469638423563,-1.73901720931028,0.51767376270493,-0.210121825807579,-0.544513853931984,-0.345101691178758,0.298722364332967,1.37587679107906,-2.0981206824545,0.528992304643243,0.786650746989757,-0.626424278111221,-0.447241774274931,-0.423584043096081,-0.836340943160734,-0.0553823086517489,0.324465919279546,0.0308879296045046,-0.428809807965415,-0.0151342373798677,0.105990059079667,15.9,0.0,0
68207.0,-13.1926709562391,12.785970638298,-9.90665002092758,3.32033688288942,-4.80117593230105,5.76005855618556,-18.7508891580107,-37.3534426378925,-0.391539743919107,-5.05250236713858,4.40680552357904,-4.61075647740608,-1.90948796970811,-9.07271093398351,-0.226074450896345,-6.21155748212485,-6.24814535335983,-3.14924669470095,0.0515761185277783,-3.49304991519446,27.2028391573154,-8.88701714094871,5.30360690376998,-0.639434802306313,0.263203123457008,-0.108876929971315,1.26956635541013,0.939407362758877,1.0,1.0,1
129770.0,-0.348837386594411,1.79714224197016,-1.50899424549315,-0.464095699131184,2.24746825445223,-1.29873248222549,1.98694454477073,-0.772994397367367,-0.639964921253914,-1.30342405620682,0.0470726955208929,-0.184350270529906,0.850854491268141,-3.04728280232705,-0.486642744639431,0.0841982694720227,1.90353107553716,0.472400841905108,-0.428840580313785,0.0382006256808806,0.0560333277852389,0.378366321894524,-0.432485999158306,0.467346789383578,-0.0480141448407048,0.529659168549559,-0.454707808807887,0.003354673573151,0.76,0.0,0
78101.0,1.25249750227243,0.305129319484421,0.0141850744852511,1.13318638855943,0.482410655196235,0.432786796257219,0.13202893896017,-0.028179307329532,0.151456677483217,-0.160575231901108,-1.22055247472827,0.931648442968573,1.44258633425634,-0.275070992800303,-0.173353712481707,-0.48936227071469,-0.190702723572662,-0.815129210137948,0.013616744145572,-0.0830891111331668,-0.157939795131813,-0.12707750987023,-0.200301903619233,-0.913772854845251,0.850382888300151,-0.252122286375328,0.0491339974391537,0.0071625535440176,1.0,0.0,0
48025.0,-0.714217677885622,1.31122437916896,0.781290548894054,-0.0988523932211856,-0.0467545956603827,-0.470155818504283,0.297256500570231,0.50762161340095,-0.840468556165085,-0.582740728925505,1.04057198061228,0.780558428663856,0.427576065277176,0.0088295429382231,0.154189741447417,0.802841582762155,-0.229455293174074,0.492312943962012,0.334068061718775,0.0694026935705845,-0.185347629842008,-0.637812015992366,0.0037107082520141,-0.0996974503771645,-0.101676285895803,0.0794794125550302,0.113853669909478,0.0226442273022584,14.98,0.0,0
145767.0,-0.790117310753754,0.901360589519415,-3.16590555989146,-0.405103198763903,0.708777117490656,-1.18099881436821,1.68488503488241,0.177114570661813,-0.682932185036421,-0.430791162894017,-2.40190167846005,-0.35830001705734,-0.256412043980867,1.36798027878432,-0.868238303271679,-0.216808100654325,-0.370985292579373,-0.0312981015185002,0.115888926288202,-0.356528895737261,0.474542410275146,1.44063376925492,0.213839259091443,-0.911208443486965,-0.93267227206631,0.452081063076081,0.262694586049236,0.0321595784947824,145.36,0.0,0
131512.0,1.99848885172456,-0.23414601875465,-1.61276014700986,-0.0894970431505392,0.110370540979329,-1.06244174742368,0.281240509305512,-0.227856071903028,0.422266133217432,0.139227890412569,0.656682847953199,0.320936855969647,-1.20936516167195,1.02279809397276,0.137218711240927,0.124126417629991,-0.702636832710812,0.138845389082209,0.524050899039577,-0.212502937830663,-0.110262680384113,-0.407743307560556,0.171800768866906,-0.373702420079556,-0.117156756775041,-0.155942948377801,-0.0737200847819973,-0.0695759572215095,40.0,0.0,0
152652.0,0.227098155960561,0.0432707417596495,0.892416152730226,-0.602246259121276,0.146501806674607,0.492966187276451,-0.43267198428047,0.351536998993822,1.12711268754653,-0.693077146452216,0.323258494985022,-0.809024150843206,-1.88501725671902,-1.51988018729256,0.173887434579199,1.52060491641642,-0.242952228341404,1.85239213819871,-0.551433313267288,-0.126372610612674,0.227905932559924,0.814918476030243,0.0731236580646754,0.163853913827478,-1.41767394893326,0.293947977779306,0.0080258994671472,-0.0561757642053791,3.89,0.0,0
27219.0,-25.2663550194138,14.3232538097233,-26.8236729135114,6.34924780743689,-18.664250613469,-4.64740304866878,-17.9712120192706,16.6331030618556,-3.76835097141465,-8.303239351259,4.78325736701241,-6.6992520739678,0.846767864669643,-6.57627643636006,-0.0623303798952992,-5.96165987257541,-12.2184817176797,-4.79184198325342,0.894853521838799,1.65828884445902,1.78070097046593,-1.86131814726914,-1.18816729293127,0.156667050663465,1.76819198236914,-0.219916008250323,1.41185477685432,0.414656383638367,99.99,1.0,1
89543.0,0.0643769144999632,1.34101354874535,-0.700441422856869,0.8117999144563,2.08144721523518,-0.0179441051540416,1.55581357221466,-0.335361974434548,-0.998518922730051,-0.436068253586975,0.588338464968499,0.214754589373441,0.205225487710905,-1.15369480216746,-0.856486801274748,-0.365850115671944,0.661752735400664,1.03625032683565,1.1776178085597,0.137997466735156,0.035308457631344,0.445555865325883,-0.427282358391352,-0.0033698495099951,0.0439774537116016,-0.439502250354166,0.0412602619293118,-0.0156935057231559,6.87,0.0,0
55041.0,-1.50420730350707,0.932792404781935,1.70076757195571,-0.411807655797359,-0.11961532033603,-0.347623910984141,0.266833541968374,0.716118560665797,0.287401089399226,-1.30198753055064,-1.49088336512791,-1.19476099377346,-3.39416436742199,0.668164632542716,-0.773568845226294,0.2117718602596,-0.0393955987430728,-0.610768479546574,-1.78729070523555,-0.645367100055168,-0.164390092578954,-0.746034085704099,-0.232839111744018,-0.038228578962694,0.485633925872565,-0.740199068760804,-0.221904171598245,-0.0444440502698219,1.0,0.0,0
62249.0,-0.987653157990431,1.03105452242451,1.17771725571426,-0.735560445904325,-0.111616983756715,-0.175758546155689,0.20119884133081,0.669824167742408,-0.40197903525578,-0.753454057023738,1.018564414764,0.955212425563268,-0.360536760945939,0.468381598776872,-0.766388254348124,0.0252646970351014,-0.0845630581399575,-0.478743880225992,-0.294295241655813,-0.127473767710739,-0.0734718663252995,-0.17755291648708,-0.018796922766544,0.0309749096423868,-0.302990525243756,0.308395643852567,0.188054648721421,0.103920138799132,1.0,0.0,0
70658.0,-1.51180114257438,0.884936358300519,-0.720924197942235,-0.711439229489572,-0.348580055867779,-1.74676728641434,0.489544020716981,0.551029090400787,-0.390121164005181,-0.513988038441129,-0.914789593996586,0.0216918033710043,-0.460570546866786,1.02847950004333,0.0004300399723476,0.331129894260692,-0.122100305869784,-0.446130680944053,-0.568555054405695,-0.0260689645525352,0.166298153400073,0.241709608201697,0.0951896110870314,0.456607283952511,-0.826078936341972,0.743775534916479,0.235767815748717,0.103641627272217,65.25,0.0,0
152307.0,-5.22296817637504,4.64182734988813,-8.85820420925725,7.72350199432307,-1.50703495625849,-2.15948357376289,-4.20516409588397,0.979334284202064,-1.50563737438727,-2.23906626105695,4.23139330449617,-8.49348798082106,-1.09281084673483,-13.2375585139603,1.1840864824863,-4.18641517783122,-5.49253578625626,-1.21610811302066,1.04610451099676,-0.176673248133323,0.561892173950775,0.624206816460912,0.536428910734314,-0.628333712411096,-0.222651230551295,0.382208361920644,-2.6930356893785,0.407935125898827,1.0,1.0,1
37958.0,-1.05716680216265,1.10066560769217,1.14854066062579,0.0556677988720665,-0.27895037397052,-1.04807585547348,0.266675915807428,0.340949743300743,-0.444586507774121,-0.406391978312186,-0.574864491699253,-0.0081185015189881,-0.121756346562298,0.462312713130323,0.855890039048637,0.327254782333819,-0.224064609894074,-0.287169326713779,0.0333277698094081,-0.0766938811869569,-0.186929040267783,-0.605242723129908,0.239931084301527,0.35455149277635,-0.139358121104211,0.0701372968699755,0.0318661565829254,0.0326556461411267,1.98,0.0,0
60781.0,-0.0423554685963795,0.44946198631769,1.5012420838646,-0.290109240897384,-0.114572939247549,0.217146355650045,-0.0696212960017027,0.255136693356597,-0.38416618368689,-0.204953470285835,1.36547152141684,0.646004752360333,0.225091352597435,0.216554068467249,1.19496396437837,0.0513041159715781,-0.144551593595329,-0.0156476875802711,1.13152011282713,0.101836553774024,-0.0456070589307965,-0.126474720585039,0.0665169298822237,-0.253630986918774,-0.766675035183939,0.929908629945599,0.0084824909316265,0.0112643454403105,1.0,0.0,0
45543.0,-0.395344449784874,0.195579337364617,0.933633600542566,-1.62817446790932,0.327026047759435,-0.489248974855662,0.282580143611089,0.0668882709791966,0.662070915636687,-1.21030907064035,-0.933908162906769,-0.800540790787132,-1.48549393544913,0.666091883721677,2.46321572974907,-0.974891870054294,0.348732290523588,-0.0364809717824713,1.9298113569525,0.0714275065565412,-0.123504696359273,-0.371840960055202,-0.16245111270246,-0.779584242792724,-0.117433943199477,0.0844638324718123,0.0976646140535223,0.0979670119389706,5.39,0.0,0
1866.0,-1.76612044520223,-0.501745183099372,2.57986336491861,-2.38698034064859,-0.483933284449463,0.413786101574207,-0.086363897475002,-1.00117303810952,-0.239134631098799,0.411150995116979,1.18322727927553,-0.363746877977608,-0.601339890957548,-1.14032083012637,-1.07787551312897,1.5176066469913,-0.422194656132289,-1.02610073448839,-1.06393271773568,-0.421059156488945,1.03101608415025,0.927399682798541,-0.250259320717394,0.0331994793581339,0.474291613921441,-0.350147020685123,-0.613068566387422,-0.229337714394931,79.0,0.0,0
168376.0,0.289785510697226,0.267991063633307,0.887726236227886,-0.827708777949818,0.544296246539803,0.618741678304405,0.222701396106584,0.0663036693751705,0.680779419393288,-0.448083305626241,0.0798150646778786,0.709491033853266,0.408185811468888,-0.47015308293363,-0.590267286631497,0.422484275181554,-1.25150320030103,0.984036903876924,0.0853506850738471,-0.0568030682265011,0.210649307118786,0.934326679958403,-0.239022783689438,0.118133295065813,-0.256720808665909,-0.329553140913387,-0.0848628108073393,-0.217313736413218,0.01,0.0,0
57179.0,1.02737145518186,-0.634298786571734,0.934041726199615,0.0541496286486147,-0.820179150495522,0.629072503362765,-0.729903937359581,0.32228377159337,0.897421208585536,-0.36767616742844,0.900557940264722,1.45395400954039,0.333686803913377,-0.414599839829203,-0.762779904172416,-0.130800296565594,0.0322275020680124,-0.521293202285916,0.497814387092363,0.0656511592237109,-0.133540764568858,-0.247126782071058,-0.0031508586665603,-0.207338294751872,0.0675463195025398,0.966722862139797,-0.0307890195609398,0.0092934081629487,71.38,0.0,0
32358.0,1.07936462547595,0.0485464593453864,1.33843328300085,1.3575573193298,-1.05005239662985,-0.589542889395383,-0.409676462573066,-0.037649097853412,0.336692160716657,-0.035627179457807,-0.0337007601544488,0.677927773560966,0.846175783407422,-0.151206964364304,1.30743024983813,0.552034626770047,-0.630381513504808,0.143388113441524,-0.842941013047482,-0.0032193632032788,0.15644165284784,0.434422404392372,-0.0079075580409236,0.733404183865442,0.305933063804702,-0.388238967038385,0.0600148495627506,0.0522497876493082,45.0,0.0,0
139816.0,-0.395582180999488,-0.751792062726136,-1.9846657222602,-0.203459370656895,1.90396717621947,-1.43028863275949,-0.0765478971696953,-0.99226038178304,0.756307218859539,0.217630453611954,0.253931337415353,-0.0757071123077077,-2.21552535883192,1.06526242773606,-0.775503007617278,-0.911031401859836,-0.223768268609043,0.768369833954887,0.477521452443793,-1.02771589618176,1.37751532224779,2.15178705623536,0.189224816804228,0.772943278067861,-0.872443190023862,-0.200611549796534,0.356855911523477,0.0321134824802381,0.69,1.0,0
153995.0,2.04811998597577,-0.0395137612779628,-1.05939034332226,0.419926904328373,-0.114321568191405,-1.2055539619208,0.225678978817447,-0.363612518086085,0.470375843424683,0.0564159621741671,-0.654543633444952,0.686666531746289,0.524081123197858,0.185974253244758,-0.0102422560802768,-0.128442712476585,-0.310919463248191,-0.927546233256371,0.137359945059887,-0.180554046261623,-0.279029094171991,-0.663547581034081,0.329450867796376,0.0592823187272596,-0.286640627607143,0.193072778436505,-0.0690716783597064,-0.0576051676833878,8.99,0.0,0
60024.0,1.3652183007654,-0.451129884610531,-0.0633333793288043,-0.699085207242993,-0.801605823607571,-1.16012145981646,-0.222795413630452,-0.217259435110145,-1.25638609519861,0.867406851909111,1.49601495220645,-0.269548045568068,-0.752105893631007,0.433446409946676,-0.206257337110208,0.916458942786957,0.267763658711089,-1.0046908369824,0.818331622447629,0.0450168469538072,0.300745368245484,0.715780192638631,-0.176568710079037,0.578354271306403,0.72667256127765,-0.06853866501347,-0.0358866127493297,-0.005390415471754,24.99,0.0,0
152802.0,1.32272425078878,-0.843910597775511,-2.0968875375015,0.75975906867787,-0.196377115172222,-1.16635257897589,0.482534011071884,-0.349790812508124,1.04500741682416,-1.47497416110315,0.0110374511201705,0.483019027615191,0.665272820090391,-2.33279338224807,0.820578433757924,0.461206283587447,1.46805197816555,0.891705535237246,-0.45793403989618,0.585434736822602,0.133814675110081,-0.121562328444589,-0.208573690328062,-0.254751784229223,-0.0983244022531656,-0.613874016689451,0.0026541572433407,0.0723858076215552,357.95,1,0
48083.0,1.18997361077026,1.26404970100517,-1.47777845489714,1.57855746290646,0.804984464729371,-1.6207314291895,0.686224343980248,-0.259561026400799,-0.738374507265205,-1.38530381499095,2.72276568738035,0.337948339801324,-0.140839710871266,-3.19298617024889,0.342678297320179,1.16701545734201,2.52422640938481,1.74752535363437,-0.626132439039318,-0.0239631016669904,-0.143793069181686,-0.345679184581911,-0.19731700137315,0.213915558307986,0.80410725998674,-0.324750422890373,0.0371295776837694,0.0891592695585762,1.29,0,0
71033.0,-3.17081841545902,0.185734554774403,-3.39985157931162,3.76115529034876,-2.14804702797609,-1.59894442520531,-2.51956531805231,1.31621501070214,-2.40010611621824,-4.99341703829647,4.44719176626515,-5.29376010254684,-1.41957829927441,-6.42527621352443,0.914083034195792,-3.51519716625381,-6.34745330751181,-0.90351216582405,1.19160626766329,1.93225372509724,1.09205113380931,-0.0410804286307278,0.904395217733676,0.180015601586537,0.0499703397242655,-0.257099837784436,0.859281566487016,0.225924185725605,426.4,1,1
71850.0,1.19293757153442,0.107844413169035,0.45594567784623,0.588732929267698,-0.374257589220456,-0.537140911003114,-0.0513191275899255,-0.0269787249435813,0.155118485495331,-0.0931490535055631,-0.123384295324538,0.0503076165125357,-0.464265288109234,0.422016739587834,1.36878733997388,0.0473719358904675,-0.100385421089908,-0.895670817022309,-0.476436991503808,-0.149007870074085,-0.231114158849532,-0.698639403590898,0.164510147184662,0.0486160899470773,0.114247797792638,0.125485338037922,-0.0198551056070378,0.0161061432790822,13.99,0,0
45733.0,1.2958745382481,-0.702898520294885,0.461668080219745,-0.799998172227628,-1.01448762592712,-0.396833053903904,-0.734885292344137,-0.0470787448886686,-0.953398295436373,0.769575753294336,1.19924351128503,0.228876781734814,0.771276907984026,-0.195734670084101,0.173567944754249,1.51213481484615,-0.235895583066018,-0.506674798317577,0.728941002163652,0.226663682964443,0.416960146341634,1.05175374110891,-0.240169745804151,0.0814864297941248,0.586489087237333,-0.0299228225220291,0.0078284104330714,0.0129817148807661,55.5,0,0
93853.0,-6.18585747765758,7.10298492227346,-13.0304552638937,8.01082339822486,-7.88523736131971,-3.97454999359808,-12.2296077786617,4.9712317023058,-4.24830701294998,-12.9654812039222,8.68830799242781,-17.1829184301947,0.0695769150313325,-14.1161560074304,0.959031717400206,-12.3753337375636,-18.716764511809,-6.52201457322122,3.51795494036344,0.483930108481186,2.50277241039945,0.481691289576756,0.480957977547458,0.360318638811951,-0.293354295977635,-0.199193157971208,-0.203917328209747,0.398927185850218,44.9,1,1
153239.0,2.01512452126516,-1.14180805051956,0.374837421503276,-0.15084461306026,-1.80595765345054,-0.297378193895602,-1.49470584758707,0.10170698177859,0.778504109456363,0.627322839606669,-1.23831655324586,-0.0570889639417818,0.127335392889323,-0.481362309805526,0.936406378054973,-0.923416368139231,-0.467469703613693,1.95584056474269,-1.24617019204582,-0.60007341518963,-0.110702614192111,0.315758255605285,0.271010923746102,0.0037049849513524,-0.492515082423825,-0.271191458920447,0.0934259060623665,-0.0151382197150225,27.5,0,0
137668.0,-0.937924248998238,-1.06745591629173,-2.54904076544585,-1.01863567582839,0.968259317058722,-1.8363704308987,1.05354249940942,-0.0767738911153855,-1.60523496276212,0.420597222918761,-1.68075279288622,-0.603984493816757,-0.429155735847652,1.10484980252219,-1.00078338138222,-2.0757774209983,0.118009640985499,1.02608763860583,-1.06196849890505,0.101619827213919,0.340204616616127,0.806921194554269,0.542296220542988,0.771651909391881,-1.23610226558259,0.62359893579101,0.326469545389633,0.150473725805192,198.0,0,0
159341.0,-0.971821729277047,0.519970253821187,1.49875139867212,0.699137887089083,0.990341794262082,0.0214904240910269,0.663451395940159,0.0893525972766175,-1.39300585359654,0.127499730436056,-1.94298278405363,-1.30333578977276,-0.561236305293377,-0.0513779484573533,-0.626497501918716,1.19651653001793,-0.730327871047088,-0.413199415130142,-0.696640555324662,0.134623595183124,-0.0001120545108702,-0.290760988693148,-0.29047778196925,-0.697983515500956,0.343972113794604,2.40990629342722,-0.196507174667404,0.0234853497928086,46.32,0,0
138236.0,1.97133605745081,-0.188395668644236,-1.47399226609206,1.15338621416723,0.485831290435812,0.282604034657327,-0.0620325821509833,0.0956779192805114,0.631857726812378,0.368876704650761,-0.190230642710069,0.212009926820176,-1.41510287205981,0.543637112404975,-1.18443747104031,-0.206535364572666,-0.51316690819886,0.484495974343489,0.218734714632881,-0.293768087150592,0.180214151971692,0.685405308066258,-0.0840525858392188,0.128583980302416,0.439310073588228,-0.385933808422851,-0.0020477079374751,-0.0639762097480086,19.9,0,0
116148.0,-2.75539866904277,2.80539017941288,-1.92472734405564,-0.660657339264594,-1.28591550101153,-1.44288616969856,-0.587490734152208,1.75123025224205,0.216767674850304,0.217309907093126,-1.44801996593055,0.904651449730786,0.305651369906254,1.13199655309524,-0.484962315819529,0.339136421105604,0.286104286551514,-0.671273846985427,-0.259421346617273,0.111937847729045,-0.258036528240494,-0.717358586608498,0.327120101957082,0.0204407436875813,-0.144398806855455,0.142781232595388,-0.0054524861282322,-0.145907246493453,13.94,0,0
29563.0,-1.27844723621531,1.60462389676899,1.56491262381465,0.26667261293323,-0.0771415948399639,-0.540422271667183,0.6476356587259,0.0367429095175816,-0.252897367035988,0.209655377966139,0.438862291188521,0.0484980129253043,0.120389430106125,-0.507562366835647,1.60028898119888,-0.348936219132172,0.667650320788982,-0.640745481486405,0.125873421419949,0.435393121288743,-0.276778510548367,-0.582732555057086,-0.0278364301752021,0.354954268400329,0.0871985125195824,0.251934627679803,0.367836959613306,0.285764205761837,8.99,0,0
136047.0,-0.384586494018202,-0.243240549477738,-0.0381496769181641,-2.39897664668062,0.491564114539346,-0.94068928083851,0.500816623789281,-0.113515745112156,-1.3047858634023,0.350132412865461,0.317836480119049,-0.42663435482984,0.0324986257511764,0.0488611188374165,-1.12665048460612,1.43174867244858,-0.625884832305097,-0.482188631786608,0.114533251692418,0.297063935203772,0.605075323479337,1.59401238148658,-0.135981569272491,-0.449155732628434,-0.270563898344237,-0.12398041698597,0.377006820315964,0.255903579300249,60.85,0,0
136657.0,-16.4580692397398,-4.92991992620321,-7.72733290554369,-1.28275800365093,-3.95483672086476,1.26813009710209,-0.16912357707472,2.34063056732584,3.44200992962826,0.723615433116651,0.360655568198367,2.2961001575715,1.09761192766453,1.17196463277445,1.91897422278833,1.9647832688697,0.154297090158355,-0.657745695569216,-0.693494974864603,-7.19623489913937,-1.64631787841797,0.960852112200739,-0.864902911508578,-0.477338507529159,0.705020758811676,-0.399867878114438,-3.00759358071477,1.06797043186761,252.21,0,0
140848.0,1.82448060226308,-0.359739252777598,-0.492251009238205,0.948094415960467,0.301343567055979,1.57321512189587,-0.812943797574875,0.607950719124719,0.819872218642216,0.220236605008023,0.70588411189792,0.706808586696991,-0.761393308954341,0.377558395470715,0.631755198701552,-0.0836140674489815,-0.268858631556533,-0.681936209889564,-0.991865065245135,-0.3753241553362,-0.0889361795167499,-0.0869910547718742,0.372838775743945,-1.727371874604,-0.562566512875334,-0.824925819553477,0.0982960832537239,-0.0533914270349486,5.0,0,0
60692.0,0.805015519087894,-0.358491785582355,0.346632435131267,1.73388785649562,-0.724625171417832,-0.365862133775922,-0.0287678382300045,-0.0343374230470759,0.800992504175593,-0.767607071539051,-0.629147742901375,0.375300075690998,-0.0912340995832258,-1.43787230131536,-0.434309092250739,-0.0238276234761755,0.897149121162071,0.228896356732277,-0.205886401813386,0.253559300857093,0.0080189803050621,-0.0756442211070155,-0.293382919495734,0.340735392417417,0.611052962385206,-0.296246803204244,0.0374523587813246,0.0837763123955709,192.16,0,0
144204.0,-0.136526179389322,1.26254130865681,-2.57727339168961,-0.863267029432856,1.46997360996963,-0.020856527685002,1.34524361655449,0.133757785319576,-0.623363877582406,-0.772250205709869,-0.502876711338905,-0.133126834925838,-0.364789278432101,-0.31410041320718,-1.28215795068014,0.549099107567262,0.0338046978585435,0.941498952822903,0.52712646283805,-0.329150962092373,0.159341140099412,0.395961493358034,-0.21341167110939,-0.730852675760476,-0.228263917306507,0.558577761362475,-0.310737699067493,-0.0189616900960047,85.25,0,0
65276.0,-0.492118483651875,0.70460210356177,1.28791170212538,0.61111299818678,-0.278424402462872,0.163641448931152,1.59454937516925,-0.343036769277758,-0.377388292242944,-0.211991797715702,-0.271825082730626,-0.305978590625401,-0.23974927189537,0.0223784939587212,1.06504785016718,-0.245364859511264,-0.310440331142706,-0.337420542293647,-0.698025797034423,-0.0505352734581495,0.119417765150377,0.550617006141241,-0.0816379801460205,0.0747239251383455,0.158441168925664,-0.32688280829194,-0.164032214722165,-0.249552959798611,178.8,0,0
139128.0,-0.25808813966043,1.18459515027524,-0.301921545179729,-0.232618359531389,-0.0434907896177707,-1.55854733752235,0.700383388010634,0.12223370219121,-0.133526263630329,-0.490730004468728,-0.794806165482765,-0.033523164890597,-0.545431788721324,0.871917763849638,0.443861104844468,-0.420173771877598,-0.121074911934744,0.125846878130708,-0.122378954113604,-0.178622870564249,0.433762995753814,1.36539247131033,-0.0171704596105906,0.484285179860698,-0.840134879920732,-0.244119197002572,0.381676579557086,0.263471695922815,4.49,0,0
48114.0,-0.530978122600609,1.00346494156656,2.00925058664966,2.2820940766184,0.375563330847161,0.688133373296694,0.163497698135695,0.126532229140133,-0.709564213931626,0.352025087335702,-1.66750824945959,0.098402013183243,1.2718631805555,-0.680533042478969,-0.352535471853095,0.247960786954751,-0.475465492885626,0.253979779090721,0.269905803300006,0.0850124946461928,0.16245458630219,0.635388855746482,-0.30772449187232,-0.385596264573126,-0.110192856776447,0.206909318927267,0.0265621591481558,0.174890089684948,4.4,0,0
154278.0,-1.60021129907252,-3.48813018118561,-6.45930280667571,3.24681566349703,-1.61460769860713,-1.26037454854632,0.288223321921388,-0.0489639910109505,-0.734974617920653,-4.44148408070017,2.94437484242405,-3.80546898374331,-2.10222683492697,-6.1061832734711,-0.641736399701777,-1.55596289626148,-2.08406707082134,0.394247352869229,0.0833797227600835,3.18935489592753,1.19117480721903,-0.96714144500067,-1.46342052446637,-0.624230851495284,-0.176461532068143,0.400348351070197,0.152946864261687,0.477774924576796,1504.93,1,1
52635.0,1.43925246454452,-1.36243128204362,0.299747509745967,-1.55637745886798,-1.29433664305344,0.235385338248833,-1.35857483055148,0.105609057502554,-1.39000976621607,1.39190063979762,-1.35788132652331,-1.66444493376558,-0.210947212380408,-0.328446120250582,1.27704781619288,-0.0974544672230664,0.34225126746155,0.313903005444133,-0.428358991264556,-0.288971976540237,-0.0831164266777208,0.0671151693696079,-0.122926578560435,-0.953646130404572,0.353149915869643,-0.0131461728722581,0.0522852039407791,0.0194698793207331,57.0,0,0
141320.0,-6.35233691096656,-2.37033515007664,-4.87539667887196,2.33504453116197,-0.809554897212021,-0.413647316208307,-4.08230817063438,2.23908947335972,-1.98635950470675,-5.16533081830893,2.94293916487767,-4.12572224190365,-0.433094395260294,-3.5181311704857,0.420777387095712,-5.10447983930312,-7.9253889983055,-3.41570671508705,0.71833237368083,0.186898304507656,1.32521840044042,1.22674487561089,-1.4852168616857,-1.47073226048821,-0.240053392971609,0.112972036960476,0.910590643802817,-0.650943712766886,195.66,1,1
71469.0,-0.664283945250011,1.2653465092463,1.38447325911074,0.114262850319711,-0.148688253475441,-0.67021597506014,0.331013642320778,-0.719238377901467,-0.284463146485503,-0.468456262474783,0.383735483331448,-0.0471236703318048,-0.56488974976268,-0.233528172555982,1.14956781360683,-0.0339275385103101,0.575100007974959,-0.680889745380737,-0.661641257105708,-0.139294762132444,0.5546238986191,-0.782142722111252,0.195795591408136,0.525970520969671,-0.304684768460611,0.0767875515802039,0.295217476045542,0.106549990307433,1.79,0,0
169657.0,-0.194314841552333,-1.09145575514212,2.6806306331237,-0.550256569906862,-0.855805886368661,-0.0598427605042607,-2.81765117507593,-0.510333789095381,0.366170677226841,0.19769136411616,-1.18401283965121,-0.123250797427533,0.465956040358447,-1.21138286238754,-0.231829490464598,0.697117439824521,0.87735908659626,-0.925062342419523,1.39810262369539,0.198440280032359,1.08577269764759,0.424188758324098,-2.46088670620389,0.238489327394174,0.900825849301762,0.339374914867134,0.242994975562031,0.230986442773717,100.0,0,0
136663.0,1.46621758601439,-1.04518478152517,-0.904174379411223,0.68018079319388,-0.971347770805342,-1.402183949916,0.379162497236395,-0.372844508116964,1.01062807099629,-0.338248035338766,-0.114712493245988,0.871934370362315,-0.27203557117452,0.226484821531267,-0.2626579207893,-0.793141435996212,0.289524721440649,-0.973394617778694,-0.134039260686592,0.24912437984416,0.0556223666609173,-0.170975294814383,0.102069589031889,0.897865184395666,-0.295606675809568,-0.16806279886302,-0.0698112089069719,-0.0020404090124252,266.16,0,0
116521.0,0.263678208247701,0.546523546038028,0.403119262130037,-0.251320024734235,0.805375252027688,-1.0285848953185,1.07647753996018,-0.50067023958021,-0.158320300196078,-0.235163446372083,-0.619386773942704,0.579610391345423,1.00090636131845,-0.1937908489982,-0.206162355309973,-0.469160794148716,-0.346113408356796,-0.90351967371356,0.339075703161983,0.0398849996157905,-0.195593405620569,-0.285930735064422,0.137825382336416,0.0153954590588438,-0.942328985989481,0.113725748489423,-0.0827956113507117,-0.11739559689579,4.49,0,0
84640.0,1.27147850793111,0.23999491130406,-0.0864344882479871,0.452241953269787,0.171279397402323,-0.136366574421302,-0.0489833410099352,0.0222451656669607,0.176178656551183,-0.308220443202271,-0.697292544452295,-0.272662172075068,-0.240261111287245,-0.191394929757238,1.47243220243478,0.458882786863309,0.0016899867900897,-0.401240718200069,-0.236286740851942,-0.122926984262388,-0.321907707119969,-0.918907666457908,0.0620009611917445,-0.823377189178627,0.235203556292874,0.178163614209723,-0.0116069157384595,0.0176532101214739,1.98,0,0
43741.0,1.25881946477354,-0.856179064563868,0.825936008165286,0.16603495767068,-0.896023465801629,0.995361867591203,-0.9828864351443,0.258456610484864,0.284153701001747,0.260489850823691,-1.90501491806964,0.700734900820965,0.772037971810096,-1.10952229424539,-1.78738863063073,-2.3826271379965,0.793941350882327,0.0049001975039449,-0.0204202106040691,-0.479202101270729,-0.849611886862987,-1.50984529934131,0.0806239442228652,-0.740829544029552,0.265043230014838,0.355941227573894,0.0550079100447289,0.0161087528377565,25.52,0,0
67894.0,-0.797939515114721,-0.296522983308944,2.93178506552525,-1.53286459446416,-1.30301231461106,0.64853078439988,-0.916691296181742,0.614222719125619,0.135622293509433,-0.11451440689177,-0.210762259566845,-0.62513667228569,-1.63095599535722,-1.10693282816606,-2.4615098236634,1.0604168326632,0.389135945059585,-0.496473542612815,0.887610657130553,0.105727732933164,0.153266861530262,0.715863462075091,-0.442457106144498,0.03245838070696,0.515357786021252,-0.10499929490052,0.332805814901589,0.113344814528931,2.7,0,0
69912.0,-0.997333001465221,1.23172351556953,1.41205713391254,-0.244824578306748,-0.054394083274729,-0.253031248772752,0.516276723843127,0.235126707369418,-0.25266382239646,0.432720309450017,1.7077105863275,0.676177011600611,-0.355392268111808,0.287076151808046,0.446093041352986,0.0177533445467026,-0.296969877797498,-0.373304113379252,-0.189851812124737,0.305358505753652,-0.201464049958076,-0.395104201819518,0.0574255841174433,0.190825476435718,-0.225314968750929,0.0813584856369058,0.488460016610825,0.242502544447475,12.88,0,0
51213.0,-2.98639888549501,-3.04906589078399,1.04125034673417,-2.75232680497518,1.0592628370424,-0.84477818493462,2.22851451151286,-1.96014169966357,3.38506358664904,-0.201101461012683,-0.59688628641897,-0.139045988769871,0.148821550150748,-1.90427737555558,1.35756415968717,-0.803572323755907,-1.39709989300427,0.171053257943639,1.1795657616695,-1.40293631164578,-0.860953932340442,0.597895810163467,0.687542397710294,-0.504800156861214,0.923342515454215,-0.979892224919644,-1.5555555857177,-0.355853447946786,179.96,0,0
8297.0,1.02263123013846,-0.875773568666009,0.8466220959634,-1.59477658686886,-1.40323609275321,-0.744055964237937,-0.662626692107543,-0.0856170378039017,3.7267578684368,-2.08638072254156,1.13010184834433,-1.35442015194839,1.57136435810998,1.35255236551146,1.16729413412795,-1.26964230794375,1.12684766266905,0.153538222788877,0.292718125553587,0.0224926610566228,0.106915579357091,0.683984530177795,-0.167594866777196,0.398016493800141,0.502030548644223,-0.679764554133125,0.0762647199135188,0.0427535165925044,106.5,0,0
117738.0,-0.888906181253519,1.33612696422193,0.869485238962827,2.76846104004972,1.40194499181833,-0.456824715154474,1.2063929871461,-0.212530245828289,-1.72784778352521,0.923656926706173,-1.49880390542485,-0.755683108200678,-0.497535082222247,0.26185274892832,-1.32667968255576,0.655066173327807,-0.794449564952958,-0.605343083631056,-1.41448414455936,-0.429212272223146,-0.108953948548594,-0.358893312455857,-0.221912780695779,-0.0746360579671695,-0.336815315534721,-0.290853608443277,-0.0667828064184207,0.13478301754917,30.34,0,0
70263.0,1.17626679659604,-0.0412985112594729,1.24020307498714,1.27408256823352,-1.04945694575652,-0.325273782612034,-0.623793879151393,0.130367451335094,0.925515696645512,-0.113498776380597,-0.845863035882868,-0.186006939961133,-0.993820419122209,-0.0284787302007918,0.7424733013785,0.322147546743109,-0.34369185370829,0.204735898854984,-0.354561452631677,-0.211516687868638,-0.0229369384669334,0.0461828157183007,0.014970201917209,0.362588845142559,0.356216110666736,-0.396023674281898,0.0634196309347422,0.0354898584335823,1.0,0,0
158054.0,-1.01267295348477,0.4682509695406,-1.02986952527514,-0.398862739545357,1.98892162336445,-1.16420592840461,0.623420039709719,-0.0217103407875031,0.543361210122182,-1.48821877937244,-1.78226040854642,-1.87683133103201,-2.29543278829302,-2.43758977392769,-0.598346139188743,0.756892243380234,1.62278982462605,1.23721813155852,-0.340814767872601,-0.175754753631895,-0.0700599332267562,0.0716661135428761,-0.545344261056474,-1.24491362176541,0.0679041714645703,0.699314925456353,0.305419867918879,0.243688356985179,29.56,0,0
91502.0,0.0073790751145725,2.36518252886777,-2.60028738169342,1.11160176466249,3.2764413263667,-1.7761407852846,2.11453088108345,-0.830084106599812,0.900489974281822,-3.37617706712688,2.05681205985716,-3.9842567303491,1.02196791340796,-5.96790496861639,-1.15160831490592,1.67973960141233,5.58611468683053,2.78913115591619,-2.24107485298106,-0.0063884972816308,-0.563944162060269,-0.902099515410175,-0.404382448597275,-0.0129439005065412,0.589836154947909,-0.734449052212668,-0.447529183217452,-0.362374775122343,1.0,1,1
75767.0,-0.427542967291713,1.99197570046723,-0.127839600321623,1.05078512206779,1.43625328498385,-1.50608303158151,1.58871173882797,-0.495091427844796,-0.965849701031139,-1.73934251314024,1.56834692528183,-0.270319150581244,0.32118306507174,-3.79866441364602,1.03406252672047,0.353939322251964,3.05164157737866,0.764806951983303,-1.22964699045738,0.0731228990253075,-0.0940318418600702,-0.0267380686473326,-0.333773301173654,0.295163885555408,0.226932154347378,-0.382969179314731,-0.183575618862684,-0.0849810912835044,1.0,0,0
28761.0,1.33505315377059,0.331464026372479,-2.05776277666682,-0.346175355279224,2.58323382235421,2.85410199716661,-0.187547337276975,0.685153770441859,-0.286614068625624,-0.535902735452504,0.332848417624034,-0.268318738501477,-0.127614195812312,-0.868299960850499,1.12853898170938,0.786506053687902,0.316435261035056,0.587856253020328,0.0493500831769145,0.0452174411898587,-0.191819982814025,-0.650117795537897,-0.114069463781717,0.915935599538802,0.730073040140036,0.383879417575573,-0.0319023040878611,0.0298493414012052,0.76,0,0
5959.0,-1.96152838520497,-1.64972551360556,1.74451270166212,-2.16952446256296,-0.0014353176005372,-0.314488615190044,-1.0405315330264,0.0967721302037384,-0.315976142061026,0.786248069090439,-0.508006433149555,-4.6891834036994,0.790440950985065,0.930551158181406,0.120552973165068,0.0398692040836848,0.892615075510259,0.66409699279882,-1.13206001376326,-0.570026336439273,-0.327018056751006,-0.0715310315668323,0.175223407066224,-0.871323805246675,0.524765796422206,-0.123031772620138,0.0653828407064024,0.312391949699947,58.2,0,0
3031.0,-5.29342236019084,4.59540731154201,-0.455094624506669,-2.89220643622631,-0.571939346887976,-0.840113542565475,1.00241498356082,-0.492622355835586,4.95753520804179,7.72423731051683,1.8933575749769,0.590451555710266,0.153029829800128,-2.47809888238654,0.269446756512899,0.0755633083104709,-1.70092073117386,-0.294147475649244,-1.07103126933317,3.49740813741039,-0.966440645919396,-0.603421570483827,0.0755708560526407,-0.0500195513192828,0.901020146424026,0.717681437577933,2.02101159976755,0.615119752403898,0.92,0,0
41607.0,-18.2475132286673,8.71325017095966,-17.8801268207974,9.24945923683651,-14.5412125237225,-1.91156359308197,-18.0146601306809,5.52216218981207,-9.28392451240577,-14.5571590528859,4.39243558567834,-10.3800731219167,1.61182090128819,-6.91763950579126,0.158841037400664,-10.3282423879882,-20.2545556896053,-8.53452256380618,3.25653448060821,-0.526368288315335,0.598842606268504,0.615318868165234,-0.486498927270445,0.739268468431111,-0.236844752247958,-0.0460816699541002,-3.01147328474912,-1.02214746628442,53.95,1,1
92387.0,-0.154010735516024,0.681630322470157,1.53570965381519,-0.23017363216756,-0.0600930885889411,-0.796088847867758,0.330483079518352,-0.205578746799172,1.66841830448945,-1.23600325657164,0.335371901460473,-1.61909893585836,2.88400012409981,1.01643931869718,-0.751015023958445,-0.13118997069217,0.131636797260236,0.449843864092753,-0.83329932031014,-0.141546818521723,0.311791359113573,1.38746305926688,-0.106275310196195,0.469598539116377,-0.762994788658649,-0.350279103578319,0.242308924239764,0.2358419962611,4.3,0,0
60893.0,-0.954379158896351,1.09637145733398,0.113932617468692,-0.534237171294319,0.646477222782901,0.921940046817951,0.551992445852411,0.576843634628937,-0.801720781913521,-0.334173023520157,-0.0755812796918159,0.766129031643146,1.1827020377279,0.41058388601518,0.240815715367738,0.582662486324676,-0.869790123681355,0.210356301545993,0.597590079380314,0.0566207902651697,-0.101022987216592,-0.291820634917953,-0.0263200107510134,-1.69081676269139,-0.286144172660748,0.194264975414931,0.142581115371692,0.0942967618738476,75.8,0,0
100871.0,2.0154544784291,0.0929306771170379,-1.50012096030386,0.568051229877188,0.301399174111776,-0.656213365314981,-0.118418216912638,-0.0856839647055552,1.76473538192476,-0.531262503735894,1.95471416105735,-2.51811521399861,-0.120917485150321,1.13861528019107,-1.05865266571456,0.509431298811263,1.12083911461965,0.610064649550366,0.0792344647696474,-0.298095630537872,-0.469093769699307,-1.12525362483795,0.380387837902862,0.562146002753251,-0.395134146131112,0.109410116637934,-0.104683745048278,-0.0483364655150185,4.49,0,0
64443.0,1.07952397806913,0.872988038728802,-0.303850487243895,2.75536885087579,0.301687623167546,-0.350283737195093,-0.0428479677130716,0.246624608381391,-0.779175595769242,-0.157696445821874,1.92856763203456,-0.935863286411531,-2.43144644518658,-1.63347202401986,0.534336652706283,1.42560550367097,1.59352878606579,1.17846784575361,-1.56869755794851,-0.252115099030468,-0.023254784527163,-0.158600833910515,-0.0388061577093773,-0.0603272546840962,0.358338898397498,0.0769835703935526,0.0189358319830432,0.0605741494833015,0.0,1,1
161337.0,2.0623892607475,-0.0748279468641196,-1.0679462674787,0.421705994447866,-0.180511771206806,-1.22799519328663,0.159369548305901,-0.314644414039459,0.596466766967639,0.0842850249291349,-0.795646741471638,0.246646356158232,-0.304052155550572,0.348766590102676,0.0794988856894411,-0.0906766463075568,-0.263903021551057,-0.827690289757944,0.145401196864516,-0.249205760008219,-0.293200501940769,-0.727193406475232,0.346161211632096,0.0362512273817572,-0.31178726499175,0.196664534035215,-0.0730215217218241,-0.0607214897362646,1.29,0,0
60517.0,0.488244137493835,1.82263219139716,-2.4974861908952,1.41830618792951,1.03872515889065,-1.15081295938647,0.425955037883656,0.386041673616575,-0.605141992106131,-1.21973416364796,1.40321161730051,-0.468525524044549,-0.815950413122624,-2.9145368978726,0.485820010420663,1.43188618300473,2.48506104386832,2.4083091455969,0.189526905967672,-0.0279678178862443,-0.117536485356677,-0.277807486230078,0.0282397351439681,-0.864876216058844,-0.382010092729855,-0.362210693323736,0.122692635331848,-0.06721778208284,0.75,0,0
130151.0,0.9000834765765,1.31489798287519,0.061513216112994,4.53969997488301,0.877895859786745,0.690658163381567,0.52098275021279,0.0251006514490879,-1.70354967489353,1.71087881282066,-1.25086364492293,-0.449303302321746,0.312665395611245,0.232562289480636,0.0422546955562407,-0.367192809698909,0.213558966094782,-0.423795224566649,1.21144831124404,0.0673317572156268,-0.12656587702084,-0.230544014411341,0.364800928311902,0.558008413333849,-1.42908912086473,-0.0763019476272698,0.162868931799113,0.0958689564197442,3.78,0,0
68880.0,0.932499024539678,-0.411958532183987,0.983068340405217,1.17382452547328,-0.847983645730888,0.264831856506049,-0.516723966605981,0.196888456348646,0.519624883154372,-0.0211919499701726,0.719914699918122,0.975266561535849,0.152340642227793,-0.0691117077608309,-0.0482729833202054,0.54573944131892,-0.776942289323127,0.826406904831486,-0.0547291715043353,0.123833192627943,0.223948128874231,0.537888428705508,-0.244215734333157,0.0410663612247543,0.487199771353833,-0.268003451119966,0.0440852712428989,0.0422152390188159,118.7,0,0
38032.0,-0.980316403026087,0.330788693742395,0.119852285435251,-0.964023533667777,2.81014153487598,3.64421237551266,-0.180292629784517,-0.0160817633668183,0.0839892221249369,-0.0853508924920101,-0.526324663369101,-0.082432356632884,-0.296685100067308,-0.207199794060655,-0.178167843054132,-0.150036012639357,-0.478490862243464,-0.10013598561524,0.766272787823889,0.043049952340415,0.442175232864447,-0.843931290699061,-0.16816170795354,1.02706436959063,0.134015532120546,0.239122674290579,0.268697253202077,-0.0798684530095093,32.64,0,0
97479.0,0.0921558437786762,0.272980513316257,1.65691062443684,-0.854493453179069,0.459432157468613,0.767502666116226,0.282621099753029,-0.50380459238142,2.34992205299977,0.072203357701261,1.53005144825968,-2.00868762856376,2.14693685964861,0.304822524005853,-0.974067764893374,0.724123099543968,-0.821492371727984,0.934033715218694,-0.252309512839721,0.0419847999161383,-0.137864568058797,0.275966981044299,-0.0688322485710083,0.250465090899186,-0.892695989927565,0.21857885315407,-0.897105238074637,-0.668943863426721,15.95,0,0
77926.0,-1.38473197958888,-0.736648858762696,1.19901408113244,-2.51418834347142,-1.00782548408118,-0.266231808269696,0.19350604707032,-0.303322975051193,-1.88940660601861,1.2073449615667,-1.33515493324643,-1.50625761871717,0.568271564343774,-0.820294313678678,0.30282374458197,0.246772977977917,-0.233777056836352,0.242303929139004,-0.378377121494783,-0.759427746948845,-0.519639420218129,-0.603203948637932,0.201461526693789,-0.508185247495464,-0.086415807178099,-0.571454310693489,-0.491942555176579,-0.536522457559493,131.55,0,0
153673.0,2.04712348686705,0.124433070820607,-1.87891243102227,0.187734666272807,0.776226099146698,-0.254757215139801,0.144110387873286,-0.109875044526244,0.136249620712224,-0.238598395078215,0.843890881276457,1.13261597240431,0.925501701279035,-0.845560117309723,-0.552764077945544,0.615273716769445,-0.0023022937246602,0.242550028180811,0.516060475420478,-0.0532940211146207,-0.3287233066465,-0.856509359059832,0.248106475997974,0.0206641685561322,-0.198204397171493,0.180287654041331,-0.0634668199970357,-0.0419202499404745,11.99,0,0
53118.0,1.1359871952364,-0.676460846545934,1.02636486061372,-1.54689174182893,-1.24829504272459,-0.145636277565821,-0.962422503771955,0.227388182772851,1.55221614911444,-0.992273336997465,1.8058792336338,1.56023109945812,0.505459955306031,0.0092341449593205,1.80651267601515,-0.0246632402310456,-0.432226844315187,0.591625134591836,0.246904745232358,-0.0047991604669878,0.339870347155405,1.10511525091828,-0.0930255629413597,0.0955858809818531,0.250122949054269,0.109087663247865,0.0657837577217702,0.0224088318227157,28.22,0,0
149439.0,-0.225452911875203,-0.279185691735877,1.45443253820042,0.602898117775802,0.0453124414779169,2.79903548058954,-0.260442810477399,0.86494473854764,1.45880890451483,-1.06894698085109,-1.6919677785792,0.697195358672568,0.0049383128019034,-1.19633621160932,-1.41655895309673,-1.08564444338255,0.584446953500172,-1.22813873537012,-1.13320555194774,-0.0580943701666293,0.100502367837443,0.658079585423591,0.29448580639493,-0.579390780417065,-0.47361515595951,-0.640276629453112,0.164942693371664,0.0314519624571593,117.9,0,0
142182.0,1.87495862665927,0.0583330272956539,-1.76215269836061,1.14107799581318,1.29390329076496,0.886344457793614,0.317898232543224,0.158935692359727,0.179787408201602,0.0755349427591109,-0.177550089389952,0.688505768829928,-0.198226574785116,0.616004839373319,0.521081668812723,-1.91004369415889,0.960691154349603,-2.48280917968039,-1.64555503999512,-0.434751331834889,0.150984391376871,0.832149641693732,0.105586812535835,-1.45002077493826,0.184455348433742,-0.356470455232173,0.0554584142860865,-0.0787051067005982,1.54,0,0
40570.0,-1.82876516726146,-1.45468899757025,1.13430585032405,-0.847940921446298,-2.04215661109658,0.582017089704122,0.739070175517517,0.539137117462427,1.3246106421786,-2.30621031955425,-0.859823599168041,1.06199512927629,0.404044689572992,-0.383846794306415,0.117156477851944,-1.59630697931406,1.14576807426133,-0.200983881948334,1.53227028313088,1.06651372367171,0.477995773223891,0.817497647259075,0.811190112524026,0.154697192635628,0.187576724828934,0.237722998901584,-0.0795216560880851,0.0095962815986663,456.0,0,0
128011.0,-3.41896115787183,1.60200787295453,-3.61703922148934,-0.761180660218408,0.51105998990536,-1.36330083360854,-0.282381632622531,1.72895007222101,-1.24702344555018,-0.397035429330818,-0.473903413277053,1.0884510510201,0.0305453312323707,2.29090052160116,-1.40687367846299,0.205394360126477,0.151059103087544,0.221905473304714,0.317946047914898,-0.469465110747063,0.46264802985735,0.915152221574455,-0.850481462839076,0.362512296918306,0.229265575093463,0.869622225297966,-0.186966714661987,-0.277606498095646,11.5,0,0
79540.0,-0.114360703589856,1.03612940153875,1.98440526119199,3.12824327369048,-0.740343559582751,1.54861869623,-1.70128395465886,-2.20384174839674,-1.24226477538834,0.269561809170344,1.29341829662131,0.933215784460268,-0.135325960632637,0.521483689902165,0.386884188055331,0.0598689535627266,0.306339379229928,0.265051988857439,0.223718288348024,0.732852498432027,-1.03293465200213,1.19642831010463,-0.112856718234204,0.254718993156121,0.69666788609654,0.482370416673402,0.129969314476127,0.223924333790406,0.2,1,0
62072.0,-2.41256484122508,0.360669340373918,1.05089585878954,-0.154800635286586,-0.976452840844275,0.35577720451992,0.949372392045995,0.314024941907014,1.18274256642059,0.0039852443626151,-0.989701371991346,0.236183324797092,-0.504891786590664,-0.7403064306868,-1.09843349913985,-0.480196611206821,0.268351313990241,-0.989632941663737,-0.546936688225541,-0.279899884951418,-0.405636581367853,0.247833427831926,0.474506229227586,0.139222578097715,0.326424252582263,0.44072074542376,0.698428804718235,-0.0591813061859229,202.07,0,0
167998.0,-0.126177879408013,0.886642386682967,0.326376297830581,-0.670796508953255,0.597744581567183,-1.12832351898751,1.13257312839703,-0.401823530490529,0.325623644897779,0.125394448673111,-0.889039954672011,-0.0231199303747732,-0.127845199240791,-0.144603524502645,-0.335914703127403,-0.173499793665942,-0.535476677157399,-0.759237545395113,-0.0822761468068261,0.139912429296994,-0.352129868249817,-0.591951054949203,0.0193048977649564,-0.035992893122027,-0.463419563355605,0.119428294184704,0.199090674714558,-0.0703623748079931,0.89,0,0
80821.0,-2.11745320286573,1.68616181783245,0.722745443880148,-1.16992057635778,-0.576505066067161,2.13058769965922,-3.44950160291315,-8.52093946538439,0.360997913774686,-2.32554634208685,-2.56654638960977,0.222617059142046,-1.24701349451114,0.339717250423477,-1.06187804025095,0.990798118807892,-0.262160139685365,0.0604811377510401,-0.221327373114363,1.6181174116773,-3.34763507022048,0.31933169638518,0.394646989665558,-1.03271108724001,-0.146747442045104,0.8019584634621,-0.248045931465692,-0.134214241017958,31.61,0,0
34115.0,-0.657656123655341,0.210899961612816,1.70035640759978,0.599790842341564,0.227053746963684,-0.49885467420634,0.0430327073247076,0.21024069529532,-0.232741564432866,-0.212485053571447,0.659840251840414,0.0708387574576768,-1.57586512101808,0.392990088457215,-0.601313088684576,-0.406286828453152,0.131630056830704,0.236492246728675,1.35382118231368,0.0544314151951952,-0.0547366068020477,-0.209055377770441,-0.0355015656842245,0.33794005031992,-0.32710008190828,0.291099191443568,0.0803497825863649,0.125660849395836,1.0,0,0
139765.0,2.1445125129965,-0.881639654780109,-1.53468065075179,-0.720128632414142,-0.628435007542748,-1.39257710965876,-0.197648257742442,-0.447240903597195,-0.370920301960454,0.83356873693269,-0.904265193992166,-0.772612100295178,-0.30514118026828,0.017070581658057,-0.304032003275956,0.498257390210286,0.428002851049494,-1.2949469144317,0.548226722451576,0.0122720072760693,0.577821071331819,1.69399841024839,-0.201021135874382,0.142274224271946,0.458630287574952,0.284888543296614,-0.0546004248334066,-0.067787151319073,57.5,0,0
172778.0,-12.5167318477287,10.1878180402793,-8.47667066668252,-2.51047326304052,-4.58666914870733,-1.39446474872753,-3.63251619673419,5.49858253932705,4.89308908068377,8.65531963957983,-1.05236486117626,2.83486481236046,1.08814121731315,1.28840135326773,-0.931502938639584,1.0678644701107,0.586178800802537,-0.0855240913432532,-0.571605412453605,3.49006517321872,-0.944758590176497,-1.5650262004893,0.890674704800016,-1.25327583153701,1.78671683343288,0.320763234257587,2.09071175744121,1.23286442298378,9.87,0,0
151678.0,-1.00520082418193,1.35335105226262,-1.08694726719905,-0.550165464537393,0.337955575624001,-0.77646597931568,0.142004405631586,0.64137207003185,-0.0097950329827218,-0.538523082110927,-2.31523346483806,-0.716481827551185,-0.849968966959263,1.12263789435668,0.708171203778648,0.170627482527851,-0.444702348648286,0.740178047876611,0.457434379778059,-0.290683638325734,0.384325673535036,0.938100771356395,-0.288222269824427,-0.990587990268409,-0.311490624777818,-0.100255783234261,-0.0550250895984653,0.121145872967529,1.0,0,0
14033.0,-2.36301448004307,2.11557201647812,0.915672870976573,1.26726461232987,-0.974984159809576,-0.416437035448593,-0.47288000886654,1.19300360456075,0.73610556409545,-0.838309041012159,0.0311317223236384,-1.09437985764567,3.21121925665086,1.80789475930923,-0.881891939566343,-0.408520892549039,1.36272748980552,-0.116988599857625,0.618757306689439,0.169685125243842,-0.328695543732724,-0.652921135696758,-0.108179816858144,0.3572921310264,0.576702153465868,-0.425311047325179,0.186573295937841,0.0136050980949237,19.54,0,0
120225.0,-1.06327638454473,2.03416743140068,-1.62356956822402,0.958635837315417,-0.243559145663233,0.0671013058292458,-0.556564564598988,1.27515937372864,-0.892708151681373,-0.233066483110688,0.453151765219391,0.360602147180232,-0.431593529558488,0.421901236074099,0.70222623319939,-0.2343606116172,1.65747930322214,0.86287796215239,3.00183140099412,-0.029363715847155,-0.0496484221178714,-0.438006468843701,0.29924215343096,0.206249885490918,-1.27609795053557,0.464629921938713,-0.288376292073182,0.111529230249631,16.69,0,0
3893.0,1.50227517379763,-0.229946241120111,-0.591332173780386,-0.89040712436777,0.19885007204295,-0.24621573336043,-0.217669183921746,-0.285350753677782,-0.105799609742517,0.472348055350756,1.28262926432101,-2.63134865353346,2.38518064785781,1.57086714957981,-0.967990419328541,1.26788299426013,0.368468198500195,-0.447229166962823,1.2301422586585,0.109513883297162,0.0084861110076793,0.198911442353244,-0.340148857132284,-1.03583253067849,0.936521882973269,-0.0582371432323099,-0.0582991637348485,-0.0272317263291402,15.0,0,0
85285.0,-7.03030814445441,3.42199090467553,-9.52507177254752,5.27089100906596,-4.02463027558805,-2.86568161775739,-6.98919473439446,3.79155093755913,-4.62273033596451,-8.40966487562735,6.30904400603177,-8.57676143258937,0.246746716929862,-11.5340460181508,-0.3642651387587,-5.45249465771382,-11.8875700201872,-3.56358481007011,0.876018768156628,0.545698040621445,1.10339774484256,-0.541854751589521,0.0369432219896495,-0.355519004066217,0.353634382097,1.04245799282131,1.35951563156376,-0.272188101257294,0.0,1,1
41991.0,-4.56634156694274,3.35345148012501,-4.57202780762531,3.61611930403552,-2.49313810882875,-1.0899997127127,-5.55143306976649,0.44778308394893,-2.42441402571208,-5.69992228265959,3.58682418337431,-6.63622904939297,-1.1281764439465,-7.24554959537009,0.638325536245456,-6.85681003898144,-8.85187850534679,-4.5918832274368,0.936939858866071,-0.249127726683026,2.67446587862872,-0.0208799797343963,-0.302447083877198,-0.0863964000107124,-0.516059779833395,-0.295102234035121,0.195985145691014,0.141115102721758,1.0,1,1
51340.0,-0.781088438948407,0.922955836870462,1.44066479857028,-0.203652862513754,0.984862450660521,0.0797224827722958,0.635084006219671,0.106100995085432,-0.754379143444005,-0.399722242536944,0.231926708475159,0.512900982167361,0.459704235056109,0.170722607135502,-0.202384150419189,0.982287865765929,-1.41840141675063,0.455436843757824,-0.0807995511878501,-0.112097479235047,-0.302681474518093,-1.05049044371635,-0.297773264370279,-0.903427798519728,0.472790007741726,-0.746250362430772,-0.140883654213874,-0.0420507981813441,4.13,0,0
77993.0,1.194828720808,0.110397039635489,0.593269953360016,0.661017083855657,-0.579147333387775,-0.743986237803574,-0.106673535023644,-0.0068186579619502,0.23460678914448,-0.0680754392213031,0.0547467999356848,-0.194934035355523,-1.18579838616036,0.570363748623774,1.41597972412866,-0.0182595359417362,0.0554422182766072,-0.923353148482266,-0.590510144771065,-0.228662693075459,-0.225255727720877,-0.685988327855453,0.224257051049094,0.35594143416243,0.0531960910454247,0.108908598064958,-0.0212818518800974,0.0157053225997173,0.89,0,0
85864.0,-3.36526491864606,2.92854110729003,-5.66099919906905,3.89115992835328,-1.84037510965314,-1.80088720390662,-5.55867935318221,2.40232168278639,-2.84892272106495,-5.99567612703198,4.22130410784879,-6.11966735264192,0.0230135705891201,-8.14932178394224,-0.301351931335019,-5.37528289323615,-9.31500138499105,-2.48756256913711,2.35591891159776,0.57637946532203,0.875260063301294,-0.102501391250503,-0.606282749133978,-0.743164794295893,0.096318936065612,-0.135060497401362,1.23869473001415,0.0998237563444676,1.0,1,1
166950.0,-0.838757906879862,1.02498163014898,0.793865131838311,1.01911376405168,0.0032894566657932,0.794778393359335,0.16469200534115,0.611887720476317,-0.163113770612093,-0.339917821878315,0.255476474783415,1.30382157133887,0.13746160556897,0.0778098881705686,-1.68082995419369,-0.630818874625421,0.190282723045824,-0.167965264495288,1.45549042889595,-0.24935768018508,-0.312013051510494,-0.777879927357401,0.343135589909375,0.643791212729772,-0.801644385894499,-1.07505042680815,-0.0755446879104442,0.108514452702201,40.5,0,0
68483.0,-0.554351516996567,0.74264808110148,2.50765190626912,0.787392964018961,-0.714701529592787,-0.261974912043385,0.109536203996892,0.1127295815418,0.351485089704526,-0.541809824610909,-0.662012905507206,0.238241564011707,-0.155162705037679,-0.469019343281311,-0.04616380418123,-0.132158878076937,-0.113097969490913,0.0023389001423716,-0.165293183246045,-0.113395021759826,0.052302301237845,0.273612929628909,-0.107062201789534,0.701637457818679,-0.105499340914998,-0.48234639736318,-0.008589523147451,0.0803711001814457,9.99,0,0
126579.0,-0.456825986796614,0.834851925857624,1.13765568266749,-0.997391261821572,0.38947030402199,-0.199283957805417,0.435673565702603,0.200251729295028,0.0971136253314352,-1.43175809849515,0.772306934208362,0.308139836232946,-0.386427814111006,-1.15403612926521,-0.191880151015997,0.832995427196428,0.0749648508148953,0.975375991706755,0.108306551891188,-0.0901190039493158,-0.175773429441071,-0.471603186739227,-0.166536323758282,-0.556320710806402,-0.338422921403976,-0.267780472297101,0.132180456581042,0.14847722917136,0.69,0,0
134051.0,0.0435023173149618,0.882234279571633,0.271032497346885,-0.600949084276121,0.460026488544862,-1.07715016044699,1.04615378061482,-0.225149131443807,-0.0960471502869802,-0.424170490852222,-0.920146999918115,0.308659012049475,0.382794712009083,0.0370459444255379,-0.438221081027291,-0.0916006963304797,-0.451850707840834,-0.771445901009733,-0.0639252244700178,-0.0066973720622559,-0.258570286143665,-0.553341214263627,0.0651092558632027,-0.0216488116435682,-0.467529371114999,0.140796577785308,0.248362037025414,0.0978008509400291,6.28,0,0
119427.0,1.94611688327039,0.682360805230895,-1.10229674835715,3.86139677276127,0.652847013931768,-0.575443798614792,0.641786920647505,-0.294250959793205,-1.12348906267269,1.47312638231327,-1.31582037284728,-0.273731072138563,-0.323507368741285,0.43329560008523,-1.36261699682123,0.313995498603174,-0.49329613296977,-0.789170634053722,-1.28133546174725,-0.317702285539206,-0.0188409389266963,0.0264681053430163,0.094442626530404,0.0228358446662565,0.213916116792084,0.0175970248903312,-0.0638138556784268,-0.0594347086526554,10.89,0,0
